<?xml version='1.0' encoding='UTF-8' ?>
<timeLogEntries>
  <time id="1" path="/Proyecto/Project Ares/PSP2.1/Planning" start="@1613657159354" delta="52" />
  <time id="2" path="/Proyecto/Project Ares/PSP2.1/Planning" start="@1613776471824" delta="14" />
  <time id="3" path="/Proyecto/Project Ares/PSP2.1/Design" start="@1613777298070" delta="9" />
  <time id="4" path="/Proyecto/Project Ares/PSP2.1/Planning" start="@1613777837268" delta="43" />
  <time id="5" path="/Proyecto/Project Ares/PSP2.1/Design" start="@1613849291040" delta="55" />
  <time id="6" path="/Proyecto/Project Ares/PSP2.1/Design Review" start="@1613852569328" delta="6" />
  <time id="7" path="/Proyecto/Project Ares/PSP2.1/Planning" start="@1613852904234" delta="119" />
  <time id="8" path="/Proyecto/Project Ares/PSP2.1/Code" start="@1613860068963" delta="118" />
  <time id="9" path="/Proyecto/Project Ares/PSP2.1/Code" start="@1613872542034" delta="136" />
  <time id="10" path="/Proyecto/Project Ares/PSP2.1/Code Review" start="@1613939540059" delta="21" />
  <time id="11" path="/Proyecto/Project Ares/PSP2.1/Code Review" start="@1613940837444" delta="28" />
  <time id="12" path="/Proyecto/Project Ares/PSP2.1/Compile" start="@1613942586719" delta="17" />
  <time id="13" path="/Experimento/PSP2.1/Planning" start="@1614813741871" delta="101" interrupt="4" />
  <time id="14" path="/Experimento/PSP2.1/Postmortem" start="@1614820118738" delta="4" />
  <time id="15" path="/Experimento/PSP2.1/Planning" start="@1615073000020" delta="8" />
  <time id="16" path="/Experimento/PSP2.1/Planning" start="@1615074304925" delta="33" />
  <time id="17" path="/Experimento/PSP2.1/Postmortem" start="@1615076304891" delta="1" />
  <time id="18" path="/Experimento/PSP2.1/Planning" start="@1615080040035" delta="6" />
  <time id="19" path="/Experimento/PSP2.1/Postmortem" start="@1615080410768" delta="1" />
  <time id="20" path="/Experimento/PSP2.1/Code" start="@1615080474032" delta="121" />
  <time id="21" path="/Experimento/PSP2.1/Design" start="@1615087716283" delta="37" />
  <time id="22" path="/Experimento/PSP2.1/Compile" start="@1615570282287" delta="108" />
  <time id="23" path="/Experimento/PSP2.1/Compile" start="@1615599273828" delta="101" />
  <time id="24" path="/Experimento/PSP2.1/Compile" start="@1615605343166" delta="39" />
  <time id="25" path="/Experimento/PSP2.1/Planning" start="@1615607688369" delta="19" />
  <time id="26" path="/Experimento/PSP2.1/Design Review" start="@1615608821708" delta="44" />
</timeLogEntries>
